날짜,종가,전일비,시가,고가,저가,거래량,등락
2021.04.02,21755.0,245.0,21710.0,21840.0,21685.0,13629.0,1.0
2021.04.01,21510.0,445.0,21355.0,21510.0,21300.0,21122.0,1.0
2021.03.31,21065.0,205.0,21280.0,21360.0,21025.0,27438.0,0.0
2021.03.30,21270.0,370.0,21000.0,21285.0,20910.0,8977.0,1.0
2021.03.29,20900.0,40.0,21060.0,21060.0,20780.0,7727.0,0.0
2021.03.26,20940.0,125.0,20855.0,20940.0,20695.0,8422.0,1.0
2021.03.25,20815.0,0.0,20795.0,20920.0,20700.0,4815.0,0.0
2021.03.24,20815.0,20.0,20540.0,20900.0,20540.0,9199.0,1.0
2021.03.23,20795.0,315.0,21265.0,21350.0,20780.0,10208.0,0.0
2021.03.22,21110.0,215.0,21255.0,21255.0,21050.0,12545.0,0.0
2021.03.19,21325.0,120.0,21105.0,21335.0,21050.0,14939.0,0.0
2021.03.18,21445.0,180.0,21525.0,21710.0,21400.0,29031.0,1.0
2021.03.17,21265.0,270.0,21540.0,21575.0,21075.0,14605.0,0.0
2021.03.16,21535.0,270.0,21500.0,21595.0,21330.0,33055.0,1.0
2021.03.15,21265.0,165.0,21450.0,21655.0,21240.0,13542.0,0.0
2021.03.12,21430.0,240.0,21560.0,21640.0,21360.0,21193.0,1.0
2021.03.11,21190.0,730.0,20560.0,21230.0,20560.0,29362.0,1.0
2021.03.10,20460.0,230.0,21265.0,21265.0,20445.0,23027.0,0.0
2021.03.09,20690.0,190.0,20680.0,20855.0,20120.0,47400.0,0.0
2021.03.08,20880.0,475.0,21565.0,21565.0,20850.0,18144.0,0.0
2021.03.05,21355.0,165.0,20950.0,21455.0,20905.0,37930.0,0.0
2021.03.04,21520.0,450.0,21645.0,21780.0,21345.0,20620.0,0.0
2021.03.03,21970.0,140.0,21725.0,21970.0,21565.0,9529.0,1.0
2021.03.02,21830.0,350.0,22135.0,22350.0,21500.0,61788.0,1.0
2021.02.26,21480.0,770.0,21610.0,21665.0,21215.0,118417.0,0.0
2021.02.25,22250.0,980.0,21805.0,22275.0,21710.0,32525.0,1.0
2021.02.24,21270.0,545.0,21800.0,22155.0,21270.0,32823.0,0.0
2021.02.23,21815.0,245.0,21675.0,22090.0,21500.0,65393.0,0.0
2021.02.22,22060.0,295.0,22555.0,22580.0,22055.0,38227.0,0.0
2021.02.19,22355.0,185.0,22165.0,22400.0,21860.0,46560.0,1.0
2021.02.18,22170.0,345.0,22560.0,22560.0,22105.0,41605.0,0.0
2021.02.17,22515.0,180.0,22695.0,22695.0,22395.0,54910.0,0.0
2021.02.16,22695.0,15.0,22800.0,22925.0,22600.0,61732.0,1.0
2021.02.15,22680.0,675.0,22500.0,22720.0,22340.0,81299.0,1.0
2021.02.10,22005.0,50.0,21955.0,22045.0,21700.0,36895.0,1.0
2021.02.09,21955.0,90.0,22070.0,22300.0,21880.0,48389.0,1.0
2021.02.08,21865.0,280.0,22145.0,22200.0,21865.0,18456.0,0.0
2021.02.05,22145.0,295.0,21990.0,22150.0,21730.0,34988.0,1.0
2021.02.04,21850.0,440.0,22155.0,22155.0,21690.0,64720.0,0.0
2021.02.03,22290.0,270.0,22335.0,22335.0,22000.0,33476.0,1.0
2021.02.02,22020.0,360.0,22180.0,22390.0,21850.0,30423.0,1.0
2021.02.01,21660.0,255.0,21180.0,21740.0,20895.0,39720.0,1.0
2021.01.29,21405.0,640.0,22285.0,22290.0,21200.0,56585.0,0.0
2021.01.28,22045.0,575.0,21865.0,22400.0,21785.0,93382.0,0.0
2021.01.27,22620.0,165.0,22895.0,23105.0,22525.0,63781.0,0.0
2021.01.26,22785.0,325.0,23105.0,23115.0,22640.0,47109.0,0.0
2021.01.25,23110.0,275.0,22815.0,23120.0,22600.0,307645.0,1.0
2021.01.22,22835.0,350.0,22730.0,22835.0,22450.0,317693.0,1.0
2021.01.21,22485.0,120.0,22585.0,22585.0,22310.0,29076.0,1.0
2021.01.20,22365.0,290.0,22550.0,22550.0,22045.0,63423.0,1.0
2021.01.19,22075.0,575.0,21535.0,22150.0,21425.0,38126.0,1.0
2021.01.18,21500.0,470.0,21525.0,21865.0,21370.0,50174.0,0.0
2021.01.15,21970.0,335.0,22560.0,22745.0,21970.0,79594.0,0.0
2021.01.14,22305.0,5.0,22325.0,22470.0,22200.0,43017.0,1.0
2021.01.13,22300.0,275.0,22025.0,22500.0,22025.0,59929.0,1.0
2021.01.12,22025.0,170.0,21975.0,22260.0,21350.0,94983.0,0.0
2021.01.11,22195.0,140.0,22625.0,23170.0,21700.0,170913.0,0.0
2021.01.08,22335.0,950.0,21525.0,22340.0,21445.0,123115.0,1.0
2021.01.07,21385.0,470.0,21150.0,21610.0,21040.0,60421.0,1.0
2021.01.06,20915.0,180.0,21345.0,21540.0,20825.0,109909.0,0.0
2021.01.05,21095.0,290.0,20650.0,21125.0,20455.0,132780.0,1.0
2021.01.04,20805.0,880.0,20380.0,20875.0,20155.0,152199.0,1.0
2020.12.30,19925.0,530.0,19470.0,19995.0,19340.0,100053.0,1.0
2020.12.29,19395.0,600.0,19130.0,19395.0,19015.0,80160.0,1.0
2020.12.28,18795.0,25.0,18900.0,19040.0,18745.0,40508.0,0.0
2020.12.24,18820.0,385.0,18475.0,18975.0,18475.0,109504.0,1.0
2020.12.23,18435.0,280.0,18175.0,18565.0,18020.0,43415.0,1.0
2020.12.22,18155.0,405.0,18470.0,18470.0,18110.0,50655.0,0.0
2020.12.21,18560.0,75.0,18625.0,18625.0,18295.0,26117.0,0.0
2020.12.18,18635.0,115.0,18755.0,18775.0,18510.0,37374.0,0.0
2020.12.17,18750.0,145.0,18630.0,18750.0,18470.0,60155.0,1.0
2020.12.16,18605.0,265.0,18525.0,18610.0,18445.0,34011.0,1.0
2020.12.15,18340.0,120.0,18300.0,18400.0,18155.0,45786.0,1.0
2020.12.14,18220.0,60.0,18300.0,18390.0,18070.0,43796.0,0.0
2020.12.11,18280.0,25.0,18485.0,18485.0,18200.0,48540.0,0.0
2020.12.10,18305.0,180.0,18205.0,18440.0,18110.0,72340.0,0.0
2020.12.09,18485.0,435.0,18170.0,18485.0,18150.0,44681.0,1.0
2020.12.08,18050.0,100.0,18175.0,18330.0,17975.0,52976.0,0.0
2020.12.07,18150.0,175.0,18165.0,18270.0,17940.0,29560.0,1.0
2020.12.04,17975.0,195.0,17980.0,18160.0,17900.0,39572.0,1.0
2020.12.03,17780.0,120.0,17800.0,17905.0,17610.0,37314.0,1.0
2020.12.02,17660.0,455.0,17380.0,17765.0,17380.0,55114.0,1.0
2020.12.01,17205.0,255.0,17050.0,17265.0,16960.0,44331.0,1.0
2020.11.30,16950.0,305.0,17355.0,17355.0,16950.0,36354.0,0.0
2020.11.27,17255.0,140.0,17155.0,17260.0,17050.0,17865.0,1.0
2020.11.26,17115.0,245.0,16885.0,17115.0,16750.0,20561.0,1.0
2020.11.25,16870.0,260.0,17335.0,17350.0,16700.0,122036.0,0.0
2020.11.24,17130.0,135.0,17130.0,17215.0,16980.0,29754.0,1.0
2020.11.23,16995.0,395.0,16645.0,17015.0,16600.0,41509.0,1.0
2020.11.20,16600.0,25.0,16595.0,16690.0,16545.0,30512.0,1.0
2020.11.19,16575.0,110.0,16385.0,16620.0,16320.0,13722.0,1.0
2020.11.18,16465.0,45.0,16440.0,16540.0,16355.0,23682.0,1.0
2020.11.17,16420.0,15.0,16500.0,16575.0,16355.0,27466.0,0.0
2020.11.16,16435.0,390.0,16105.0,16500.0,16105.0,122648.0,1.0
2020.11.13,16045.0,160.0,15805.0,16045.0,15715.0,9052.0,1.0
2020.11.12,15885.0,35.0,15925.0,15930.0,15805.0,7074.0,1.0
2020.11.11,15850.0,10.0,15860.0,15920.0,15785.0,7086.0,0.0
2020.11.10,15860.0,45.0,15965.0,15965.0,15740.0,8899.0,0.0
2020.11.09,15905.0,245.0,15820.0,16040.0,15810.0,32806.0,1.0
2020.11.06,15660.0,75.0,15755.0,15785.0,15555.0,18494.0,1.0
2020.11.05,15585.0,375.0,15295.0,15585.0,15285.0,17205.0,1.0
2020.11.04,15210.0,210.0,15190.0,15280.0,14955.0,7172.0,1.0
2020.11.03,15000.0,370.0,14655.0,15045.0,14655.0,10259.0,1.0
2020.11.02,14630.0,80.0,14590.0,14645.0,14365.0,4419.0,1.0
2020.10.30,14550.0,230.0,14730.0,14820.0,14500.0,3028.0,0.0
2020.10.29,14780.0,40.0,14630.0,14795.0,14535.0,2871.0,0.0
2020.10.28,14820.0,5.0,14815.0,14830.0,14670.0,19381.0,1.0
2020.10.27,14815.0,50.0,14610.0,14860.0,14610.0,4509.0,1.0
2020.10.26,14765.0,150.0,14925.0,14960.0,14735.0,7745.0,0.0
2020.10.23,14915.0,60.0,15035.0,15035.0,14825.0,4525.0,0.0
2020.10.22,14975.0,230.0,15140.0,15140.0,14865.0,9580.0,0.0
2020.10.21,15205.0,35.0,15300.0,15300.0,15090.0,2257.0,0.0
2020.10.20,15240.0,170.0,14930.0,15245.0,14890.0,77589.0,1.0
2020.10.19,15070.0,30.0,15075.0,15220.0,15045.0,3533.0,1.0
2020.10.16,15040.0,215.0,15180.0,15345.0,14920.0,4630.0,0.0
2020.10.15,15255.0,185.0,15440.0,15440.0,15150.0,9102.0,0.0
2020.10.14,15440.0,195.0,15635.0,15670.0,15440.0,20114.0,0.0
2020.10.13,15635.0,130.0,15650.0,15650.0,15410.0,23154.0,1.0
2020.10.12,15505.0,80.0,15480.0,15590.0,15440.0,23271.0,1.0
2020.10.08,15425.0,50.0,15505.0,15540.0,15330.0,8599.0,1.0
2020.10.07,15375.0,110.0,15105.0,15390.0,15105.0,42001.0,1.0
2020.10.06,15265.0,5.0,15300.0,15410.0,15170.0,6983.0,0.0
2020.10.05,15270.0,70.0,15085.0,15290.0,15065.0,8883.0,1.0
2020.09.29,15200.0,170.0,15135.0,15290.0,15135.0,5569.0,1.0
2020.09.28,15030.0,260.0,14890.0,15035.0,14805.0,4502.0,1.0
2020.09.25,14770.0,30.0,14895.0,14950.0,14725.0,10508.0,0.0
2020.09.24,14800.0,415.0,14855.0,15105.0,14750.0,15711.0,0.0
2020.09.23,15215.0,95.0,15270.0,15315.0,14745.0,9594.0,1.0
2020.09.22,15120.0,270.0,15370.0,15455.0,15010.0,21675.0,0.0
2020.09.21,15390.0,265.0,15595.0,15735.0,15360.0,40756.0,0.0
2020.09.18,15655.0,165.0,15510.0,15655.0,15450.0,24100.0,1.0
2020.09.17,15490.0,155.0,15565.0,15715.0,15440.0,42515.0,0.0
2020.09.16,15645.0,120.0,15735.0,15740.0,15510.0,34324.0,0.0
2020.09.15,15765.0,235.0,15700.0,15765.0,15505.0,33995.0,1.0
2020.09.14,15530.0,190.0,15465.0,15560.0,15390.0,41887.0,1.0
2020.09.11,15340.0,60.0,15200.0,15340.0,15135.0,87342.0,1.0
2020.09.10,15280.0,60.0,15410.0,15425.0,15235.0,59331.0,1.0
2020.09.09,15220.0,45.0,15015.0,15300.0,15015.0,48797.0,0.0
2020.09.08,15265.0,295.0,15080.0,15330.0,15060.0,38963.0,1.0
2020.09.07,14970.0,25.0,14975.0,15035.0,14850.0,9673.0,1.0
2020.09.04,14945.0,115.0,14500.0,14995.0,14500.0,23939.0,0.0
2020.09.03,15060.0,285.0,15005.0,15170.0,14970.0,20960.0,1.0
2020.09.02,14775.0,60.0,14820.0,14910.0,14645.0,4406.0,1.0
2020.09.01,14715.0,115.0,14565.0,14720.0,14540.0,15344.0,1.0
2020.08.31,14600.0,295.0,14950.0,15065.0,14550.0,5801.0,0.0
2020.08.28,14895.0,25.0,14955.0,15070.0,14820.0,9902.0,0.0
2020.08.27,14920.0,10.0,15035.0,15060.0,14900.0,18105.0,1.0
2020.08.26,14910.0,170.0,14745.0,14950.0,14590.0,20212.0,1.0
2020.08.25,14740.0,180.0,14735.0,14795.0,14585.0,5898.0,1.0
2020.08.24,14560.0,280.0,14275.0,14645.0,14135.0,30642.0,1.0
2020.08.21,14280.0,270.0,14235.0,14465.0,14070.0,17536.0,1.0
2020.08.20,14010.0,725.0,14610.0,14610.0,13950.0,54400.0,0.0
2020.08.19,14735.0,15.0,14790.0,14865.0,14620.0,12455.0,0.0
2020.08.18,14750.0,380.0,15090.0,15250.0,14645.0,14264.0,0.0
2020.08.14,15130.0,290.0,15265.0,15315.0,15035.0,26083.0,0.0
2020.08.13,15420.0,75.0,15615.0,15665.0,15245.0,56084.0,0.0
2020.08.12,15495.0,50.0,15310.0,15495.0,15210.0,16566.0,1.0
2020.08.11,15445.0,10.0,15425.0,15510.0,15335.0,54917.0,1.0
2020.08.10,15435.0,75.0,15500.0,15500.0,15290.0,36159.0,0.0
2020.08.07,15510.0,105.0,15410.0,15645.0,15360.0,27659.0,1.0
2020.08.06,15405.0,130.0,15380.0,15550.0,15285.0,52487.0,1.0
2020.08.05,15275.0,405.0,14920.0,15300.0,14840.0,192746.0,1.0
2020.08.04,14870.0,20.0,14945.0,15050.0,14790.0,43886.0,1.0
2020.08.03,14850.0,70.0,14740.0,14865.0,14655.0,38802.0,1.0
2020.07.31,14780.0,100.0,14920.0,14965.0,14750.0,33437.0,0.0
2020.07.30,14880.0,80.0,14870.0,14945.0,14800.0,79326.0,1.0
2020.07.29,14800.0,15.0,14900.0,14950.0,14715.0,28645.0,1.0
2020.07.28,14785.0,425.0,14620.0,14880.0,14590.0,85763.0,1.0
2020.07.27,14360.0,150.0,14195.0,14415.0,14185.0,9066.0,1.0
2020.07.24,14210.0,220.0,14295.0,14375.0,14160.0,8484.0,0.0
2020.07.23,14430.0,35.0,14515.0,14520.0,14330.0,31196.0,0.0
2020.07.22,14465.0,85.0,14470.0,14550.0,14395.0,11474.0,0.0
2020.07.21,14550.0,320.0,14415.0,14615.0,14415.0,24948.0,1.0
2020.07.20,14230.0,55.0,14330.0,14345.0,14180.0,15438.0,0.0
2020.07.17,14285.0,50.0,14235.0,14345.0,14230.0,109625.0,1.0
2020.07.16,14235.0,265.0,14525.0,14545.0,14150.0,57577.0,0.0
2020.07.15,14500.0,205.0,14435.0,14500.0,14405.0,62875.0,1.0
2020.07.14,14295.0,0.0,14265.0,14310.0,14165.0,11018.0,0.0
2020.07.13,14295.0,95.0,14315.0,14350.0,14185.0,9952.0,1.0
2020.07.10,14200.0,10.0,14250.0,14300.0,14080.0,14842.0,1.0
2020.07.09,14190.0,60.0,14210.0,14335.0,14145.0,13481.0,1.0
2020.07.08,14130.0,110.0,14255.0,14365.0,14125.0,13922.0,0.0
2020.07.07,14240.0,180.0,14630.0,14630.0,14220.0,37420.0,0.0
2020.07.06,14420.0,280.0,14200.0,14430.0,14150.0,13262.0,1.0
2020.07.03,14140.0,220.0,14030.0,14155.0,14010.0,10342.0,1.0
2020.07.02,13920.0,75.0,13955.0,13960.0,13785.0,9014.0,1.0
2020.07.01,13845.0,35.0,14045.0,14100.0,13830.0,12386.0,0.0
2020.06.30,13880.0,130.0,14010.0,14100.0,13880.0,7408.0,1.0
2020.06.29,13750.0,255.0,13770.0,13955.0,13700.0,4670.0,0.0
2020.06.26,14005.0,175.0,14055.0,14055.0,13875.0,13012.0,1.0
2020.06.25,13830.0,355.0,13885.0,14065.0,13830.0,55042.0,0.0
2020.06.24,14185.0,300.0,13970.0,14310.0,13970.0,63119.0,1.0
2020.06.23,13885.0,0.0,14010.0,14190.0,13830.0,21896.0,0.0
2020.06.22,13885.0,170.0,13900.0,14050.0,13880.0,7188.0,0.0
2020.06.19,14055.0,115.0,14070.0,14100.0,13790.0,5024.0,1.0
2020.06.18,13940.0,125.0,14095.0,14095.0,13900.0,32189.0,0.0
2020.06.17,14065.0,165.0,13835.0,14195.0,13800.0,39580.0,1.0
2020.06.16,13900.0,700.0,13640.0,13905.0,13500.0,58908.0,1.0
2020.06.15,13200.0,840.0,13880.0,14040.0,13200.0,22061.0,0.0
2020.06.12,14040.0,330.0,13690.0,14125.0,13690.0,31442.0,0.0
2020.06.11,14370.0,190.0,14540.0,14595.0,14180.0,41338.0,0.0
2020.06.10,14560.0,190.0,14370.0,14575.0,14340.0,16672.0,1.0
2020.06.09,14370.0,30.0,14500.0,14605.0,14230.0,12516.0,1.0
2020.06.08,14340.0,5.0,14540.0,14575.0,14270.0,21976.0,1.0
2020.06.05,14335.0,120.0,14215.0,14400.0,14100.0,24724.0,1.0
2020.06.04,14215.0,55.0,14355.0,14500.0,14110.0,12997.0,1.0
2020.06.03,14160.0,325.0,13965.0,14210.0,13920.0,82468.0,1.0
2020.06.02,13835.0,85.0,13825.0,13950.0,13800.0,22092.0,1.0
2020.06.01,13750.0,230.0,13520.0,13755.0,13520.0,28537.0,1.0
2020.05.29,13520.0,40.0,13365.0,13550.0,13345.0,11672.0,1.0
2020.05.28,13480.0,5.0,13635.0,13815.0,13285.0,30717.0,1.0
2020.05.27,13475.0,235.0,13635.0,13710.0,13450.0,24972.0,0.0
2020.05.26,13710.0,410.0,13330.0,13750.0,13330.0,61467.0,1.0
2020.05.25,13300.0,250.0,13105.0,13300.0,12990.0,18238.0,1.0
2020.05.22,13050.0,190.0,13250.0,13250.0,12950.0,14969.0,0.0
2020.05.21,13240.0,40.0,13320.0,13385.0,13225.0,18396.0,1.0
2020.05.20,13200.0,185.0,12915.0,13200.0,12910.0,21744.0,1.0
2020.05.19,13015.0,230.0,13035.0,13095.0,12905.0,34801.0,1.0
2020.05.18,12785.0,95.0,12680.0,12855.0,12510.0,21857.0,1.0
2020.05.15,12690.0,15.0,12780.0,12780.0,12590.0,9755.0,1.0
2020.05.14,12675.0,215.0,12735.0,12755.0,12590.0,6408.0,0.0
2020.05.13,12890.0,240.0,12440.0,12890.0,12435.0,37409.0,1.0
2020.05.12,12650.0,10.0,12660.0,12735.0,12420.0,8547.0,0.0
2020.05.11,12660.0,70.0,12795.0,12820.0,12630.0,78043.0,0.0
2020.05.08,12730.0,200.0,12590.0,12810.0,12590.0,64584.0,1.0
2020.05.07,12530.0,165.0,12365.0,12535.0,12320.0,38249.0,1.0
2020.05.06,12365.0,255.0,12280.0,12385.0,12185.0,38735.0,1.0
2020.05.04,12110.0,375.0,12200.0,12275.0,12100.0,65149.0,0.0
2020.04.29,12485.0,135.0,12400.0,12555.0,12370.0,25581.0,1.0
2020.04.28,12350.0,5.0,12405.0,12445.0,12250.0,10206.0,0.0
2020.04.27,12445.0,205.0,12305.0,12455.0,12240.0,28642.0,1.0
2020.04.24,12240.0,255.0,12350.0,12400.0,12180.0,6020.0,0.0
2020.04.23,12495.0,5.0,12680.0,12680.0,12450.0,20197.0,0.0
2020.04.22,12500.0,130.0,12190.0,12500.0,12050.0,36905.0,1.0
2020.04.21,12370.0,145.0,12335.0,12495.0,12100.0,34581.0,0.0
2020.04.20,12515.0,210.0,12730.0,12780.0,12405.0,22370.0,0.0
2020.04.17,12725.0,530.0,12485.0,12960.0,12485.0,46031.0,1.0
2020.04.16,12195.0,265.0,11870.0,12195.0,11865.0,9866.0,1.0
2020.04.14,11930.0,295.0,11830.0,11975.0,11765.0,4461.0,1.0
2020.04.13,11635.0,435.0,11935.0,11935.0,11635.0,9977.0,0.0
2020.04.10,12070.0,55.0,12045.0,12085.0,11895.0,12529.0,0.0
2020.04.09,12125.0,75.0,12280.0,12280.0,12050.0,35092.0,1.0
2020.04.08,12050.0,60.0,12055.0,12295.0,12015.0,47696.0,0.0
2020.04.07,12110.0,280.0,12185.0,12270.0,11900.0,28812.0,1.0
2020.04.06,11830.0,500.0,11440.0,11845.0,11385.0,27169.0,1.0
2020.04.03,11330.0,45.0,11480.0,11555.0,11180.0,22017.0,0.0
2020.04.02,11375.0,250.0,11255.0,11375.0,10955.0,13074.0,1.0
2020.04.01,11125.0,450.0,11465.0,11690.0,11115.0,24945.0,0.0
2020.03.31,11575.0,5.0,11740.0,11775.0,11390.0,29081.0,1.0
2020.03.30,11570.0,15.0,11200.0,11685.0,11115.0,15715.0,1.0
2020.03.27,11555.0,125.0,11950.0,11950.0,11200.0,39162.0,1.0
2020.03.26,11430.0,335.0,11810.0,11945.0,11400.0,38108.0,0.0
2020.03.25,11765.0,545.0,11825.0,11945.0,11415.0,105944.0,1.0
2020.03.24,11220.0,1110.0,11500.0,11500.0,10390.0,56693.0,1.0
2020.03.23,10110.0,575.0,9975.0,10415.0,9860.0,22161.0,0.0
2020.03.20,10685.0,1015.0,9975.0,10700.0,9890.0,40696.0,1.0
2020.03.19,9670.0,840.0,10810.0,10935.0,9475.0,711262.0,0.0
2020.03.18,10510.0,895.0,11340.0,11590.0,10510.0,23448.0,0.0
2020.03.17,11405.0,115.0,11005.0,11750.0,11005.0,35697.0,0.0
2020.03.16,11520.0,535.0,12225.0,12330.0,11520.0,29567.0,0.0
2020.03.13,12055.0,335.0,11530.0,12405.0,11365.0,174183.0,0.0
2020.03.12,12390.0,510.0,12675.0,12795.0,12095.0,94742.0,0.0
2020.03.11,12900.0,460.0,13380.0,13380.0,12830.0,48691.0,0.0
2020.03.10,13360.0,190.0,13065.0,13390.0,13050.0,30579.0,1.0
2020.03.09,13170.0,785.0,13490.0,13550.0,13085.0,28915.0,0.0
2020.03.06,13955.0,240.0,13970.0,14085.0,13835.0,35182.0,0.0
2020.03.05,14195.0,125.0,14245.0,14260.0,14010.0,32676.0,1.0
2020.03.04,14070.0,345.0,13570.0,14100.0,13570.0,23139.0,1.0
2020.03.03,13725.0,110.0,14100.0,14120.0,13675.0,36961.0,1.0
2020.03.02,13615.0,415.0,13350.0,13715.0,13190.0,29901.0,1.0
2020.02.28,13200.0,645.0,13520.0,13645.0,13165.0,50190.0,0.0
2020.02.27,13845.0,325.0,14105.0,14200.0,13795.0,41171.0,0.0
2020.02.26,14170.0,320.0,14145.0,14315.0,14070.0,14390.0,0.0
2020.02.25,14490.0,95.0,14270.0,14515.0,14170.0,45056.0,1.0
2020.02.24,14395.0,595.0,14555.0,14650.0,14355.0,50359.0,0.0
2020.02.21,14990.0,220.0,14950.0,15200.0,14925.0,49484.0,0.0
2020.02.20,15210.0,20.0,15270.0,15370.0,15015.0,30460.0,1.0
2020.02.19,15190.0,130.0,15195.0,15240.0,14950.0,41072.0,1.0
2020.02.18,15060.0,370.0,15350.0,15360.0,15040.0,85477.0,0.0
2020.02.17,15430.0,65.0,15390.0,15505.0,15265.0,57413.0,1.0
2020.02.14,15365.0,180.0,15175.0,15390.0,15095.0,88656.0,1.0
2020.02.13,15185.0,55.0,15225.0,15330.0,15135.0,15899.0,1.0
2020.02.12,15130.0,80.0,15025.0,15170.0,14995.0,398613.0,1.0
2020.02.11,15050.0,385.0,14760.0,15100.0,14760.0,66644.0,1.0
2020.02.10,14665.0,85.0,14585.0,14695.0,14500.0,8645.0,0.0
2020.02.07,14750.0,115.0,14860.0,14860.0,14595.0,10343.0,0.0
2020.02.06,14865.0,295.0,14655.0,14895.0,14585.0,64993.0,1.0
2020.02.05,14570.0,70.0,14785.0,14785.0,14460.0,31280.0,1.0
2020.02.04,14500.0,525.0,14095.0,14500.0,14050.0,191789.0,1.0
2020.02.03,13975.0,160.0,13560.0,14025.0,13530.0,12337.0,1.0
2020.01.31,13815.0,250.0,14145.0,14250.0,13815.0,10684.0,0.0
2020.01.30,14065.0,300.0,14420.0,14435.0,13965.0,370642.0,0.0
2020.01.29,14365.0,120.0,14385.0,14470.0,14270.0,12019.0,1.0
2020.01.28,14245.0,360.0,14100.0,14285.0,14070.0,20719.0,0.0
2020.01.23,14605.0,175.0,14720.0,14775.0,14565.0,17026.0,0.0
2020.01.22,14780.0,245.0,14490.0,14810.0,14490.0,29473.0,1.0
2020.01.21,14535.0,105.0,14665.0,14675.0,14505.0,19479.0,0.0
2020.01.20,14640.0,145.0,14610.0,14765.0,14575.0,23001.0,1.0
2020.01.17,14495.0,115.0,14565.0,14630.0,14450.0,13881.0,1.0
2020.01.16,14380.0,165.0,14215.0,14390.0,14185.0,8065.0,1.0
2020.01.15,14215.0,205.0,14320.0,14350.0,14195.0,22305.0,0.0
2020.01.14,14420.0,75.0,14430.0,14620.0,14355.0,73026.0,1.0
2020.01.13,14345.0,175.0,14210.0,14345.0,14100.0,29143.0,1.0
2020.01.10,14170.0,250.0,13955.0,14170.0,13955.0,65386.0,1.0
2020.01.09,13920.0,345.0,13825.0,13920.0,13755.0,57123.0,1.0
2020.01.08,13575.0,40.0,13560.0,13700.0,13460.0,12595.0,1.0
2020.01.07,13535.0,10.0,13600.0,13660.0,13535.0,16816.0,1.0
2020.01.06,13525.0,55.0,13330.0,13550.0,13330.0,12131.0,0.0
2020.01.03,13580.0,50.0,13755.0,13860.0,13550.0,12736.0,0.0
2020.01.02,13630.0,20.0,13680.0,13695.0,13530.0,14564.0,1.0
2019.12.30,13610.0,50.0,13650.0,13680.0,13570.0,7967.0,0.0
2019.12.27,13660.0,385.0,13435.0,13700.0,13415.0,10162.0,1.0
2019.12.26,13275.0,125.0,13145.0,13275.0,13120.0,6001.0,1.0
2019.12.24,13150.0,130.0,13285.0,13285.0,13130.0,4473.0,0.0
2019.12.23,13280.0,60.0,13425.0,13425.0,13225.0,4921.0,0.0
2019.12.20,13340.0,75.0,13295.0,13360.0,13250.0,10126.0,1.0
2019.12.19,13265.0,0.0,13365.0,13445.0,13205.0,2929.0,0.0
2019.12.18,13265.0,110.0,13350.0,13380.0,13215.0,13529.0,0.0
2019.12.17,13375.0,260.0,13235.0,13385.0,13155.0,31119.0,1.0
2019.12.16,13115.0,55.0,13015.0,13125.0,13010.0,2402.0,1.0
2019.12.13,13060.0,285.0,13030.0,13060.0,12975.0,19063.0,1.0
2019.12.12,12775.0,245.0,12630.0,12775.0,12620.0,27395.0,1.0
2019.12.11,12530.0,90.0,12465.0,12540.0,12395.0,2577.0,1.0
2019.12.10,12440.0,0.0,12390.0,12440.0,12330.0,1381.0,0.0
2019.12.09,12440.0,80.0,12430.0,12450.0,12390.0,1822.0,1.0
2019.12.06,12360.0,240.0,12170.0,12360.0,12170.0,4955.0,1.0
2019.12.05,12120.0,95.0,12155.0,12205.0,12030.0,4075.0,1.0
2019.12.04,12025.0,205.0,12155.0,12155.0,11960.0,3498.0,0.0
2019.12.03,12230.0,90.0,12140.0,12300.0,12095.0,2438.0,0.0
2019.12.02,12320.0,50.0,12305.0,12375.0,12290.0,334.0,1.0
2019.11.29,12270.0,175.0,12430.0,12475.0,12225.0,6090.0,0.0
2019.11.28,12445.0,25.0,12410.0,12530.0,12410.0,4715.0,0.0
2019.11.27,12470.0,70.0,12555.0,12555.0,12430.0,1297.0,0.0
2019.11.26,12540.0,70.0,12500.0,12635.0,12500.0,5875.0,1.0
2019.11.25,12470.0,165.0,12470.0,12525.0,12440.0,4653.0,1.0
2019.11.22,12305.0,70.0,12390.0,12390.0,12305.0,305.0,1.0
2019.11.21,12235.0,205.0,12415.0,12465.0,12185.0,2458.0,0.0
2019.11.20,12440.0,325.0,12640.0,12720.0,12440.0,5459.0,0.0
2019.11.19,12765.0,15.0,12780.0,12795.0,12680.0,460.0,0.0
2019.11.18,12780.0,5.0,12790.0,12860.0,12725.0,1962.0,0.0
2019.11.15,12785.0,215.0,12590.0,12785.0,12585.0,6576.0,1.0
2019.11.14,12570.0,60.0,12510.0,12590.0,12505.0,1545.0,1.0
2019.11.13,12510.0,45.0,12520.0,12540.0,12475.0,3116.0,0.0
2019.11.12,12555.0,190.0,12405.0,12555.0,12350.0,33993.0,1.0
2019.11.11,12365.0,215.0,12580.0,12580.0,12365.0,1507.0,0.0
2019.11.08,12580.0,20.0,12720.0,12720.0,12550.0,2743.0,1.0
2019.11.07,12560.0,120.0,12670.0,12670.0,12535.0,9924.0,0.0
2019.11.06,12680.0,80.0,12715.0,12820.0,12680.0,5382.0,0.0
2019.11.05,12760.0,110.0,12695.0,12760.0,12665.0,1027.0,1.0
2019.11.04,12650.0,155.0,12590.0,12665.0,12590.0,4038.0,1.0
2019.11.01,12495.0,155.0,12365.0,12495.0,12320.0,5753.0,1.0
2019.10.31,12340.0,0.0,12405.0,12505.0,12340.0,4961.0,0.0
2019.10.30,12340.0,105.0,12325.0,12375.0,12295.0,1748.0,0.0
2019.10.29,12445.0,70.0,12595.0,12595.0,12440.0,1758.0,0.0
2019.10.28,12515.0,120.0,12435.0,12525.0,12435.0,3457.0,1.0
2019.10.25,12395.0,160.0,12340.0,12400.0,12315.0,1561.0,1.0
2019.10.24,12235.0,55.0,12245.0,12275.0,12115.0,608.0,1.0
2019.10.23,12180.0,75.0,12230.0,12240.0,12135.0,1098.0,0.0
2019.10.22,12255.0,110.0,12160.0,12265.0,12160.0,6600.0,1.0
2019.10.21,12145.0,125.0,12085.0,12150.0,12040.0,2236.0,1.0
2019.10.18,12020.0,125.0,12235.0,12305.0,12020.0,3246.0,0.0
2019.10.17,12145.0,145.0,12230.0,12250.0,12130.0,8154.0,0.0
2019.10.16,12290.0,135.0,12235.0,12300.0,12225.0,3272.0,1.0
2019.10.15,12155.0,10.0,12125.0,12175.0,12100.0,1457.0,0.0
2019.10.14,12165.0,90.0,12260.0,12260.0,12130.0,486.0,1.0
2019.10.11,12075.0,5.0,12170.0,12170.0,12060.0,384.0,0.0
2019.10.10,12080.0,25.0,11930.0,12110.0,11885.0,762.0,1.0
2019.10.08,12055.0,205.0,11870.0,12055.0,11825.0,40540.0,1.0
2019.10.07,11850.0,5.0,11950.0,11980.0,11790.0,1382.0,0.0
2019.10.04,11855.0,30.0,11890.0,11915.0,11855.0,421.0,1.0
2019.10.02,11825.0,275.0,11915.0,11935.0,11825.0,587.0,0.0
2019.10.01,12100.0,65.0,12030.0,12130.0,12015.0,637.0,1.0
2019.09.30,12035.0,100.0,11870.0,12035.0,11850.0,1232.0,1.0
2019.09.27,11935.0,150.0,11915.0,11980.0,11845.0,742.0,0.0
2019.09.26,12085.0,85.0,12105.0,12160.0,12010.0,1574.0,1.0
2019.09.25,12000.0,265.0,12175.0,12175.0,12000.0,4052.0,0.0
2019.09.24,12265.0,40.0,12175.0,12265.0,12140.0,917.0,1.0
2019.09.23,12225.0,5.0,12160.0,12225.0,12160.0,384.0,1.0
2019.09.20,12220.0,55.0,12185.0,12250.0,12160.0,1786.0,1.0
2019.09.19,12165.0,215.0,11950.0,12180.0,11950.0,1289.0,1.0
2019.09.18,11950.0,65.0,11905.0,12000.0,11875.0,745.0,1.0
2019.09.17,11885.0,55.0,11865.0,11940.0,11865.0,3167.0,1.0
2019.09.16,11830.0,115.0,11855.0,11860.0,11730.0,730.0,0.0
2019.09.11,11945.0,40.0,11940.0,11955.0,11855.0,4794.0,1.0
2019.09.10,11905.0,100.0,11985.0,11985.0,11890.0,90.0,0.0
2019.09.09,12005.0,45.0,12050.0,12095.0,11960.0,603.0,1.0
2019.09.06,11960.0,40.0,12130.0,12130.0,11940.0,465.0,0.0
2019.09.05,12000.0,260.0,11840.0,12050.0,11840.0,4575.0,1.0
2019.09.04,11740.0,295.0,11460.0,11740.0,11460.0,636.0,1.0
2019.09.03,11445.0,70.0,11445.0,11520.0,11400.0,70.0,0.0
2019.09.02,11515.0,15.0,11415.0,11520.0,11390.0,369.0,1.0
2019.08.30,11500.0,335.0,11325.0,11515.0,11325.0,485.0,1.0
2019.08.29,11165.0,110.0,11275.0,11275.0,11115.0,1260.0,0.0
2019.08.28,11275.0,100.0,11210.0,11280.0,11180.0,488.0,1.0
2019.08.27,11175.0,160.0,11110.0,11215.0,11105.0,128.0,1.0
2019.08.26,11015.0,330.0,11105.0,11105.0,11000.0,1381.0,0.0
2019.08.23,11345.0,50.0,11220.0,11385.0,11185.0,5335.0,1.0
2019.08.22,11295.0,175.0,11520.0,11520.0,11295.0,1803.0,0.0
2019.08.21,11470.0,45.0,11470.0,11530.0,11425.0,406.0,0.0
2019.08.20,11515.0,155.0,11405.0,11525.0,11365.0,885.0,1.0
2019.08.19,11360.0,15.0,11505.0,11505.0,11300.0,682.0,0.0
2019.08.16,11375.0,55.0,11355.0,11395.0,11290.0,972.0,0.0
2019.08.14,11430.0,235.0,11460.0,11500.0,11405.0,1213.0,1.0
2019.08.13,11195.0,115.0,11225.0,11275.0,11175.0,346.0,0.0
2019.08.12,11310.0,110.0,11235.0,11340.0,11200.0,5841.0,1.0
2019.08.09,11200.0,190.0,11155.0,11200.0,11080.0,1414.0,1.0
2019.08.08,11010.0,30.0,11050.0,11150.0,11000.0,166.0,1.0
2019.08.07,10980.0,60.0,10955.0,11105.0,10890.0,635.0,1.0
2019.08.06,10920.0,295.0,10855.0,11150.0,10830.0,1700.0,0.0
2019.08.05,11215.0,335.0,11510.0,11520.0,11215.0,867.0,0.0
2019.08.02,11550.0,145.0,11445.0,11590.0,11445.0,715.0,0.0
2019.08.01,11695.0,10.0,11620.0,11780.0,11620.0,528.0,1.0
2019.07.31,11685.0,80.0,11740.0,11790.0,11500.0,4492.0,0.0
2019.07.30,11765.0,175.0,11665.0,11815.0,11665.0,260.0,1.0
2019.07.29,11590.0,345.0,11835.0,11840.0,11590.0,616.0,0.0
2019.07.26,11935.0,10.0,11845.0,11945.0,11795.0,2098.0,1.0
2019.07.25,11925.0,5.0,12045.0,12045.0,11835.0,1570.0,0.0
2019.07.24,11930.0,145.0,12075.0,12210.0,11925.0,191.0,0.0
2019.07.23,12075.0,25.0,12150.0,12240.0,12065.0,589.0,0.0
2019.07.22,12100.0,90.0,12025.0,12130.0,12015.0,2070.0,1.0
2019.07.19,12010.0,145.0,11960.0,12030.0,11910.0,4866.0,1.0
2019.07.18,11865.0,80.0,11845.0,11890.0,11820.0,282.0,1.0
2019.07.17,11785.0,155.0,11825.0,11855.0,11780.0,1814.0,0.0
2019.07.16,11940.0,40.0,11870.0,12000.0,11870.0,3827.0,1.0
2019.07.15,11900.0,105.0,11825.0,11900.0,11770.0,870.0,1.0
2019.07.12,11795.0,10.0,11755.0,11870.0,11700.0,1779.0,1.0
2019.07.11,11785.0,245.0,11670.0,11785.0,11645.0,1822.0,1.0
2019.07.10,11540.0,165.0,11460.0,11610.0,11460.0,5003.0,1.0
2019.07.09,11375.0,85.0,11385.0,11430.0,11285.0,2096.0,1.0
2019.07.08,11290.0,360.0,11500.0,11500.0,11290.0,4783.0,0.0
2019.07.05,11650.0,75.0,11725.0,11725.0,11625.0,2656.0,0.0
2019.07.04,11725.0,145.0,11670.0,11725.0,11660.0,2979.0,1.0
2019.07.03,11580.0,155.0,11720.0,11740.0,11515.0,4874.0,0.0
2019.07.02,11735.0,15.0,11650.0,11785.0,11650.0,1075.0,0.0
2019.07.01,11750.0,20.0,11810.0,11835.0,11680.0,9523.0,1.0
2019.06.28,11730.0,10.0,11780.0,11780.0,11650.0,576.0,0.0
2019.06.27,11740.0,230.0,11605.0,11800.0,11580.0,3791.0,1.0
2019.06.26,11510.0,105.0,11540.0,11565.0,11500.0,156.0,1.0
2019.06.25,11405.0,75.0,11480.0,11545.0,11390.0,981.0,0.0
2019.06.24,11480.0,25.0,11500.0,11540.0,11445.0,969.0,0.0
2019.06.21,11505.0,140.0,11620.0,11620.0,11495.0,1608.0,0.0
2019.06.20,11645.0,125.0,11510.0,11645.0,11490.0,3770.0,1.0
2019.06.19,11520.0,240.0,11465.0,11520.0,11405.0,4504.0,1.0
2019.06.18,11280.0,50.0,11320.0,11320.0,11280.0,2694.0,1.0
2019.06.17,11230.0,55.0,11260.0,11280.0,11230.0,924.0,0.0
2019.06.14,11285.0,65.0,11250.0,11320.0,11245.0,3914.0,0.0
2019.06.13,11350.0,90.0,11395.0,11395.0,11265.0,4392.0,0.0
2019.06.12,11440.0,125.0,11550.0,11550.0,11440.0,107.0,0.0
2019.06.11,11565.0,135.0,11480.0,11615.0,11480.0,4602.0,1.0
2019.06.10,11430.0,195.0,11345.0,11435.0,11345.0,868.0,1.0
2019.06.07,11235.0,35.0,11230.0,11290.0,11185.0,91.0,1.0
2019.06.05,11200.0,10.0,11335.0,11345.0,11180.0,233.0,1.0
2019.06.04,11190.0,85.0,11225.0,11230.0,11135.0,171.0,0.0
2019.06.03,11275.0,190.0,10980.0,11275.0,10980.0,3652.0,1.0
2019.05.31,11085.0,60.0,11065.0,11095.0,10970.0,4310.0,1.0
2019.05.30,11025.0,135.0,11025.0,11025.0,10960.0,1927.0,1.0
2019.05.29,10890.0,175.0,10935.0,10935.0,10825.0,3283.0,0.0
2019.05.28,11065.0,95.0,10970.0,11075.0,10950.0,2017.0,1.0
2019.05.27,10970.0,15.0,10985.0,11020.0,10950.0,2785.0,1.0
2019.05.24,10955.0,190.0,11090.0,11090.0,10955.0,3950.0,0.0
2019.05.23,11145.0,90.0,11155.0,11155.0,11065.0,1691.0,0.0
2019.05.22,11235.0,25.0,11140.0,11235.0,11125.0,1931.0,1.0
2019.05.21,11210.0,105.0,11085.0,11310.0,11085.0,432.0,1.0
2019.05.20,11105.0,65.0,11200.0,11200.0,11100.0,689.0,0.0
2019.05.17,11170.0,95.0,11380.0,11380.0,11170.0,1435.0,0.0
2019.05.16,11265.0,305.0,11540.0,11545.0,11225.0,1422.0,0.0
2019.05.15,11570.0,170.0,11390.0,11585.0,11390.0,150.0,1.0
2019.05.14,11400.0,30.0,11175.0,11450.0,11170.0,1285.0,1.0
2019.05.13,11370.0,155.0,11390.0,11540.0,11370.0,2516.0,0.0
2019.05.10,11525.0,50.0,11695.0,11760.0,11420.0,2888.0,0.0
2019.05.09,11575.0,565.0,12050.0,12050.0,11575.0,2587.0,0.0
2019.05.08,12140.0,50.0,12000.0,12190.0,11995.0,643.0,0.0
2019.05.07,12190.0,165.0,12220.0,12220.0,12080.0,1293.0,0.0
2019.05.03,12355.0,80.0,12380.0,12380.0,12340.0,470.0,0.0
2019.05.02,12435.0,170.0,12235.0,12455.0,12235.0,7868.0,1.0
2019.04.30,12265.0,15.0,12310.0,12325.0,12155.0,373.0,1.0
2019.04.29,12250.0,190.0,12105.0,12285.0,12105.0,574.0,1.0
2019.04.26,12180.0,155.0,12175.0,12300.0,12095.0,6200.0,0.0
2019.04.25,12335.0,80.0,12195.0,12420.0,12195.0,950.0,1.0
2019.04.24,12255.0,205.0,12540.0,12540.0,12160.0,7890.0,0.0
2019.04.23,12460.0,30.0,12480.0,12510.0,12460.0,24.0,0.0
2019.04.22,12490.0,85.0,12540.0,12600.0,12450.0,335.0,0.0
2019.04.19,12575.0,100.0,12600.0,12675.0,12565.0,1028.0,1.0
2019.04.18,12475.0,230.0,12740.0,12755.0,12475.0,2121.0,0.0
2019.04.17,12705.0,90.0,12660.0,12770.0,12660.0,1147.0,1.0
2019.04.16,12615.0,15.0,12645.0,12645.0,12530.0,1454.0,0.0
2019.04.15,12630.0,85.0,12635.0,12670.0,12575.0,3639.0,1.0
2019.04.12,12545.0,0.0,12465.0,12625.0,12430.0,838.0,0.0
2019.04.11,12545.0,100.0,12535.0,12580.0,12500.0,1828.0,1.0
2019.04.10,12445.0,60.0,12340.0,12460.0,12310.0,84.0,1.0
2019.04.09,12385.0,110.0,12350.0,12475.0,12345.0,15227.0,1.0
2019.04.08,12275.0,115.0,12445.0,12445.0,12260.0,23591.0,0.0
2019.04.05,12390.0,10.0,12370.0,12455.0,12320.0,32717.0,1.0
2019.04.04,12380.0,25.0,12400.0,12525.0,12330.0,88388.0,1.0
2019.04.03,12355.0,260.0,12155.0,12380.0,12120.0,3317.0,1.0
2019.04.02,12095.0,20.0,12235.0,12235.0,12095.0,60.0,1.0
2019.04.01,12075.0,150.0,12030.0,12135.0,12030.0,8269.0,1.0
2019.03.29,11925.0,165.0,11760.0,11965.0,11755.0,272.0,1.0
2019.03.28,11760.0,145.0,11790.0,11885.0,11760.0,1225.0,0.0
2019.03.27,11905.0,55.0,11785.0,11910.0,11675.0,208.0,1.0
2019.03.26,11850.0,30.0,11790.0,11850.0,11720.0,925.0,1.0
2019.03.25,11820.0,325.0,11900.0,11920.0,11805.0,1745.0,0.0
2019.03.22,12145.0,35.0,12275.0,12300.0,12125.0,22213.0,1.0
2019.03.21,12110.0,445.0,11940.0,12170.0,11940.0,1404.0,1.0
2019.03.20,11665.0,60.0,11640.0,11670.0,11490.0,268.0,1.0
2019.03.19,11605.0,55.0,11655.0,11685.0,11585.0,1272.0,0.0
2019.03.18,11660.0,0.0,11705.0,11950.0,11600.0,100776.0,0.0
2019.03.15,11660.0,30.0,11680.0,11750.0,11635.0,31132.0,0.0
2019.03.14,11690.0,5.0,11700.0,11735.0,11645.0,16425.0,1.0
2019.03.13,11685.0,45.0,11715.0,11715.0,11590.0,23846.0,0.0
2019.03.12,11730.0,175.0,11700.0,11775.0,11670.0,3198.0,1.0
2019.03.11,11555.0,15.0,11850.0,11850.0,11470.0,986.0,0.0
2019.03.08,11570.0,150.0,11655.0,11680.0,11500.0,362.0,0.0
2019.03.07,11720.0,25.0,11740.0,11800.0,11720.0,142.0,0.0
2019.03.06,11745.0,110.0,11850.0,11850.0,11710.0,1642.0,0.0
2019.03.05,11855.0,125.0,11825.0,11930.0,11825.0,1349.0,0.0
2019.03.04,11980.0,20.0,12070.0,12190.0,11980.0,12666.0,0.0
2019.02.28,12000.0,360.0,12210.0,12280.0,12000.0,7169.0,0.0
2019.02.27,12360.0,25.0,12395.0,12450.0,12335.0,601.0,0.0
2019.02.26,12385.0,70.0,12440.0,12460.0,12305.0,776.0,0.0
2019.02.25,12455.0,95.0,12485.0,12490.0,12425.0,1312.0,1.0
2019.02.22,12360.0,25.0,12300.0,12360.0,12280.0,121169.0,0.0
2019.02.21,12385.0,45.0,12350.0,12435.0,12285.0,841.0,0.0
2019.02.20,12430.0,130.0,12325.0,12455.0,12315.0,3268.0,1.0
2019.02.19,12300.0,20.0,12200.0,12340.0,12160.0,395.0,1.0
2019.02.18,12280.0,130.0,12190.0,12295.0,12190.0,1169.0,1.0
2019.02.15,12150.0,290.0,12325.0,12325.0,12085.0,1041.0,0.0
2019.02.14,12440.0,190.0,12300.0,12440.0,12235.0,1720.0,1.0
2019.02.13,12250.0,155.0,12240.0,12300.0,12200.0,81377.0,1.0
2019.02.12,12095.0,145.0,11915.0,12190.0,11915.0,6701.0,1.0
2019.02.11,11950.0,25.0,11910.0,11950.0,11815.0,803.0,1.0
2019.02.08,11925.0,265.0,12045.0,12050.0,11855.0,2268.0,0.0
2019.02.07,12190.0,200.0,12105.0,12255.0,12080.0,2624.0,1.0
2019.02.01,11990.0,90.0,11905.0,12080.0,11905.0,10409.0,1.0
2019.01.31,11900.0,55.0,12100.0,12110.0,11900.0,1373.0,0.0
2019.01.30,11955.0,65.0,11895.0,12050.0,11830.0,2199.0,1.0
2019.01.29,11890.0,135.0,11725.0,11900.0,11625.0,871.0,1.0
2019.01.28,11755.0,50.0,11870.0,11870.0,11640.0,1749.0,0.0
2019.01.25,11805.0,455.0,11500.0,11805.0,11500.0,7585.0,1.0
2019.01.24,11350.0,155.0,11305.0,11370.0,11180.0,1926.0,1.0
2019.01.23,11195.0,5.0,11100.0,11275.0,11070.0,1983.0,0.0
2019.01.22,11200.0,140.0,11365.0,11365.0,11105.0,18558.0,0.0
2019.01.21,11340.0,235.0,11215.0,11340.0,11120.0,551.0,1.0
2019.01.18,11105.0,15.0,11100.0,11110.0,11100.0,2999.0,1.0
2019.01.17,11090.0,55.0,11175.0,11220.0,11090.0,1103.0,0.0
2019.01.16,11145.0,90.0,11080.0,11150.0,11040.0,1154.0,1.0
2019.01.15,11055.0,180.0,10895.0,11055.0,10885.0,34158.0,1.0
2019.01.14,10875.0,165.0,10985.0,10985.0,10815.0,50874.0,0.0
2019.01.11,11040.0,120.0,11000.0,11040.0,10915.0,186852.0,1.0
2019.01.10,10920.0,125.0,10800.0,10935.0,10790.0,78965.0,1.0
2019.01.09,10795.0,400.0,10525.0,10820.0,10505.0,105540.0,1.0
2019.01.08,10395.0,10.0,10400.0,10505.0,10395.0,210.0,1.0
2019.01.07,10385.0,305.0,10290.0,10460.0,10290.0,753.0,1.0
2019.01.04,10080.0,105.0,10150.0,10150.0,9920.0,645.0,0.0
2019.01.03,10185.0,360.0,10380.0,10380.0,10185.0,318.0,0.0
2019.01.02,10545.0,75.0,10725.0,10775.0,10515.0,250.0,0.0
2018.12.28,10620.0,15.0,10620.0,10675.0,10615.0,32.0,0.0
2018.12.27,10635.0,260.0,10660.0,10660.0,10555.0,153.0,1.0
2018.12.26,10375.0,105.0,10330.0,10485.0,10285.0,100070.0,0.0
2018.12.24,10480.0,60.0,10395.0,10505.0,10365.0,178190.0,1.0
2018.12.21,10420.0,100.0,10415.0,10495.0,10395.0,99161.0,1.0
2018.12.20,10320.0,115.0,10350.0,10365.0,10235.0,2899.0,0.0
2018.12.19,10435.0,105.0,10305.0,10435.0,10305.0,1086.0,1.0
2018.12.18,10330.0,160.0,10310.0,10425.0,10265.0,23239.0,0.0
2018.12.17,10490.0,65.0,10390.0,10490.0,10370.0,3635.0,1.0
2018.12.14,10425.0,400.0,10820.0,10820.0,10360.0,9591.0,0.0
2018.12.13,10825.0,115.0,10760.0,10825.0,10725.0,275.0,1.0
2018.12.12,10710.0,195.0,10640.0,10730.0,10640.0,3002.0,1.0
2018.12.11,10515.0,30.0,10625.0,10630.0,10515.0,71.0,0.0
2018.12.10,10545.0,275.0,10700.0,10700.0,10495.0,20198.0,0.0
2018.12.07,10820.0,25.0,10865.0,10945.0,10820.0,805.0,1.0
2018.12.06,10795.0,335.0,11095.0,11110.0,10740.0,20431.0,0.0
2018.12.05,11130.0,135.0,10985.0,11180.0,10985.0,83262.0,0.0
2018.12.04,11265.0,265.0,11475.0,11500.0,11265.0,1085.0,0.0
2018.12.03,11530.0,430.0,11345.0,11530.0,11325.0,517.0,1.0
2018.11.30,11100.0,95.0,11260.0,11295.0,11100.0,7202.0,0.0
2018.11.29,11195.0,125.0,11510.0,11510.0,11195.0,915.0,0.0
2018.11.28,11320.0,165.0,11180.0,11325.0,11135.0,104.0,1.0
2018.11.27,11155.0,175.0,11110.0,11155.0,10980.0,4217.0,1.0
2018.11.26,10980.0,180.0,10790.0,11020.0,10785.0,7950.0,1.0
2018.11.23,10800.0,190.0,11045.0,11090.0,10730.0,1479.0,0.0
2018.11.22,10990.0,95.0,11100.0,11100.0,10955.0,4732.0,0.0
2018.11.21,11085.0,75.0,10815.0,11085.0,10730.0,4241.0,1.0
2018.11.20,11010.0,435.0,11190.0,11250.0,11000.0,4438.0,0.0
2018.11.19,11445.0,40.0,11450.0,11550.0,11365.0,332.0,1.0
2018.11.16,11405.0,125.0,11585.0,11590.0,11350.0,600.0,0.0
2018.11.15,11530.0,235.0,11275.0,11530.0,11250.0,60566.0,1.0
2018.11.14,11295.0,70.0,11390.0,11465.0,11295.0,918.0,0.0
2018.11.13,11365.0,155.0,11235.0,11420.0,11055.0,15728.0,0.0
2018.11.12,11520.0,35.0,11440.0,11625.0,11390.0,4039.0,0.0
2018.11.09,11555.0,260.0,11785.0,11800.0,11500.0,62797.0,0.0
2018.11.08,11815.0,190.0,11890.0,11960.0,11770.0,10239.0,1.0
2018.11.07,11625.0,155.0,11805.0,11895.0,11585.0,4440.0,0.0
2018.11.06,11780.0,180.0,12060.0,12060.0,11685.0,345.0,0.0
2018.11.05,11960.0,135.0,11965.0,11975.0,11820.0,40718.0,0.0
2018.11.02,12095.0,430.0,11775.0,12095.0,11775.0,71961.0,1.0
2018.11.01,11665.0,165.0,11600.0,11785.0,11600.0,25477.0,1.0
2018.10.31,11500.0,5.0,11605.0,11605.0,11280.0,10976.0,0.0
2018.10.30,11505.0,350.0,11105.0,11580.0,10855.0,11917.0,1.0
2018.10.29,11155.0,95.0,11350.0,11535.0,11080.0,5826.0,0.0
2018.10.26,11250.0,205.0,11610.0,11610.0,10945.0,842.0,0.0
2018.10.25,11455.0,85.0,11135.0,11490.0,11040.0,8840.0,0.0
2018.10.24,11540.0,460.0,12055.0,12055.0,11490.0,7822.0,0.0
2018.10.23,12000.0,455.0,12305.0,12305.0,11895.0,1773.0,0.0
2018.10.22,12455.0,0.0,12335.0,12455.0,12335.0,489.0,0.0
2018.10.19,12455.0,75.0,12330.0,12470.0,12220.0,468.0,1.0
2018.10.18,12380.0,95.0,12540.0,12555.0,12380.0,12707.0,0.0
2018.10.17,12475.0,200.0,12555.0,12660.0,12390.0,4345.0,1.0
2018.10.16,12275.0,135.0,12325.0,12370.0,12210.0,117437.0,1.0
2018.10.15,12140.0,110.0,12260.0,12305.0,12100.0,5490.0,0.0
2018.10.12,12250.0,550.0,11720.0,12310.0,11720.0,131102.0,1.0
2018.10.11,11700.0,530.0,11880.0,11975.0,11695.0,800.0,0.0
2018.10.10,12230.0,100.0,12300.0,12310.0,12040.0,106372.0,0.0
2018.10.08,12330.0,65.0,12285.0,12610.0,12285.0,4840.0,0.0
2018.10.05,12395.0,195.0,12590.0,12610.0,12270.0,276631.0,0.0
2018.10.04,12590.0,200.0,12800.0,12850.0,12550.0,4752.0,0.0
2018.10.02,12790.0,55.0,12930.0,13000.0,12780.0,75559.0,0.0
2018.10.01,12845.0,140.0,13000.0,13065.0,12830.0,141001.0,0.0
2018.09.28,12985.0,205.0,13210.0,13210.0,12915.0,80051.0,0.0
2018.09.27,13190.0,65.0,13160.0,13225.0,13115.0,3711.0,1.0
2018.09.21,13125.0,10.0,13115.0,13175.0,13020.0,41066.0,1.0
2018.09.20,13115.0,115.0,13275.0,13275.0,13090.0,2380.0,0.0
2018.09.19,13230.0,30.0,13365.0,13365.0,13185.0,58624.0,1.0
2018.09.18,13200.0,125.0,12990.0,13260.0,12990.0,689.0,1.0
2018.09.17,13075.0,155.0,13230.0,13230.0,12990.0,29467.0,0.0
2018.09.14,13230.0,325.0,13050.0,13260.0,13050.0,5300.0,1.0
2018.09.13,12905.0,260.0,13115.0,13150.0,12895.0,7435.0,0.0
2018.09.12,13165.0,135.0,13380.0,13395.0,13005.0,9367.0,0.0
2018.09.11,13300.0,0.0,13430.0,13485.0,13200.0,4449.0,0.0
2018.09.10,13300.0,55.0,13290.0,13420.0,13290.0,1279.0,0.0
2018.09.07,13355.0,275.0,13520.0,13520.0,13200.0,2290.0,0.0
2018.09.06,13630.0,10.0,13620.0,13700.0,13520.0,1251.0,1.0
2018.09.05,13620.0,225.0,13855.0,13855.0,13620.0,2683.0,0.0
2018.09.04,13845.0,275.0,13610.0,13845.0,13600.0,59508.0,1.0
2018.09.03,13570.0,15.0,13615.0,13760.0,13505.0,6687.0,0.0
2018.08.31,13585.0,10.0,13505.0,13655.0,13430.0,67087.0,1.0
2018.08.30,13575.0,5.0,13570.0,13715.0,13530.0,3613.0,1.0
2018.08.29,13570.0,235.0,13370.0,13600.0,13370.0,26912.0,1.0
2018.08.28,13335.0,80.0,13495.0,13560.0,13335.0,59538.0,0.0
2018.08.27,13415.0,315.0,13110.0,13430.0,13110.0,9190.0,1.0
2018.08.24,13100.0,165.0,12930.0,13125.0,12790.0,80.0,1.0
2018.08.23,12935.0,50.0,12915.0,12935.0,12780.0,3064.0,1.0
2018.08.22,12885.0,30.0,12985.0,12985.0,12815.0,2595.0,1.0
2018.08.21,12855.0,450.0,12440.0,12900.0,12440.0,5448.0,1.0
2018.08.20,12405.0,150.0,12655.0,12680.0,12405.0,22280.0,0.0
2018.08.17,12555.0,85.0,12660.0,12685.0,12555.0,113.0,0.0
2018.08.16,12640.0,0.0,12410.0,12660.0,12350.0,561.0,0.0
2018.08.14,12640.0,115.0,12655.0,12685.0,12500.0,1032.0,1.0
2018.08.13,12525.0,165.0,12560.0,12600.0,12415.0,2203.0,0.0
2018.08.10,12690.0,500.0,13145.0,13145.0,12600.0,40509.0,0.0
2018.08.09,13190.0,45.0,13170.0,13230.0,13120.0,492.0,1.0
2018.08.08,13145.0,200.0,13420.0,13420.0,13140.0,5741.0,0.0
2018.08.07,13345.0,185.0,13260.0,13345.0,13235.0,1006.0,1.0
2018.08.06,13160.0,295.0,13510.0,13530.0,13155.0,1449.0,0.0
2018.08.03,13455.0,105.0,13390.0,13455.0,13305.0,748.0,1.0
2018.08.02,13350.0,0.0,13350.0,13525.0,13220.0,2887.0,0.0
2018.08.01,13350.0,120.0,13325.0,13425.0,13170.0,23615.0,1.0
2018.07.31,13230.0,40.0,13205.0,13330.0,13125.0,2519.0,0.0
2018.07.30,13270.0,325.0,13635.0,13655.0,13200.0,1518.0,0.0
2018.07.27,13595.0,75.0,13490.0,13600.0,13450.0,6551.0,1.0
2018.07.26,13520.0,270.0,13420.0,13520.0,13300.0,2342.0,1.0
2018.07.25,13250.0,50.0,13385.0,13480.0,13145.0,3225.0,0.0
2018.07.24,13300.0,400.0,12910.0,13300.0,12910.0,82232.0,1.0
2018.07.23,12900.0,445.0,13290.0,13290.0,12830.0,8756.0,0.0
2018.07.20,13345.0,75.0,13395.0,13515.0,13215.0,1088.0,0.0
2018.07.19,13420.0,295.0,13380.0,13450.0,13345.0,7008.0,1.0
2018.07.18,13125.0,65.0,13430.0,13460.0,13125.0,2763.0,0.0
2018.07.17,13190.0,50.0,13195.0,13240.0,13190.0,317.0,0.0
2018.07.16,13240.0,150.0,13455.0,13540.0,13230.0,1120.0,0.0
2018.07.13,13390.0,265.0,13205.0,13450.0,13205.0,5015.0,1.0
2018.07.12,13125.0,130.0,12995.0,13185.0,12995.0,6239.0,1.0
2018.07.11,12995.0,35.0,12955.0,13045.0,12885.0,1162.0,0.0
2018.07.10,13030.0,15.0,13085.0,13085.0,12920.0,2415.0,1.0
2018.07.09,13015.0,290.0,12855.0,13040.0,12855.0,7498.0,1.0
2018.07.06,12725.0,370.0,12380.0,12770.0,12315.0,553.0,1.0
2018.07.05,12355.0,105.0,12245.0,12355.0,12200.0,504.0,1.0
2018.07.04,12250.0,195.0,12445.0,12530.0,12250.0,11302.0,0.0
2018.07.03,12445.0,80.0,12545.0,12625.0,12275.0,1933.0,1.0
2018.07.02,12365.0,160.0,12525.0,12620.0,12365.0,49708.0,0.0
2018.06.29,12525.0,40.0,12470.0,12545.0,12290.0,3568.0,1.0
2018.06.28,12485.0,255.0,12650.0,12650.0,12485.0,2828.0,0.0
2018.06.27,12740.0,35.0,12605.0,12875.0,12605.0,90.0,1.0
2018.06.26,12705.0,65.0,12535.0,12705.0,12470.0,2472.0,0.0
2018.06.25,12770.0,105.0,12805.0,12805.0,12640.0,321.0,1.0
2018.06.22,12665.0,170.0,12755.0,12770.0,12590.0,553.0,0.0
2018.06.21,12835.0,115.0,13050.0,13070.0,12830.0,4051.0,0.0
2018.06.20,12950.0,530.0,12495.0,12965.0,12495.0,4782.0,1.0
2018.06.19,12420.0,210.0,12645.0,12715.0,12420.0,8177.0,0.0
2018.06.18,12630.0,575.0,13105.0,13105.0,12550.0,2746.0,0.0
2018.06.15,13205.0,20.0,13330.0,13330.0,13060.0,12380.0,1.0
2018.06.14,13185.0,80.0,13265.0,13400.0,13185.0,2957.0,0.0
2018.06.12,13265.0,130.0,13230.0,13350.0,13205.0,19056.0,1.0
2018.06.11,13135.0,50.0,13110.0,13155.0,13060.0,5512.0,0.0
2018.06.08,13185.0,25.0,13210.0,13220.0,13115.0,1274.0,1.0
2018.06.07,13160.0,145.0,13180.0,13295.0,13130.0,7437.0,1.0
2018.06.05,13015.0,75.0,13090.0,13090.0,12930.0,2387.0,0.0
2018.06.04,13090.0,175.0,12945.0,13095.0,12945.0,4253.0,1.0
2018.06.01,12915.0,340.0,12575.0,12935.0,12545.0,38400.0,1.0
2018.05.31,12575.0,170.0,12480.0,12600.0,12465.0,3408.0,1.0
2018.05.30,12405.0,290.0,12460.0,12515.0,12360.0,1793.0,0.0
2018.05.29,12695.0,35.0,12675.0,12780.0,12635.0,41357.0,1.0
2018.05.28,12660.0,75.0,12490.0,12660.0,12450.0,2119.0,1.0
2018.05.25,12585.0,110.0,12345.0,12585.0,12345.0,1251.0,1.0
2018.05.24,12475.0,10.0,12495.0,12495.0,12355.0,291.0,0.0
2018.05.23,12485.0,320.0,12420.0,12525.0,12420.0,7128.0,1.0
2018.05.21,12165.0,110.0,12160.0,12225.0,12150.0,3837.0,1.0
2018.05.18,12055.0,10.0,12100.0,12125.0,11990.0,114.0,0.0
2018.05.17,12065.0,60.0,12155.0,12285.0,12020.0,175.0,0.0
2018.05.16,12125.0,60.0,12055.0,12150.0,12055.0,1048.0,0.0
2018.05.15,12185.0,140.0,12315.0,12360.0,12140.0,1258.0,0.0
2018.05.14,12325.0,115.0,12160.0,12325.0,12125.0,1283.0,1.0
2018.05.11,12210.0,120.0,12140.0,12210.0,12120.0,2978.0,1.0
2018.05.10,12090.0,90.0,12035.0,12090.0,11970.0,382943.0,1.0
2018.05.09,12000.0,150.0,11850.0,12080.0,11790.0,1336.0,1.0
2018.05.08,11850.0,65.0,11790.0,11995.0,11790.0,2938.0,1.0
2018.05.04,11785.0,110.0,11855.0,11880.0,11760.0,44401.0,0.0
2018.05.03,11895.0,70.0,11920.0,12005.0,11885.0,726.0,0.0
2018.05.02,11965.0,0.0,11965.0,12070.0,11855.0,11900.0,0.0
2018.04.30,11965.0,70.0,12050.0,12050.0,11830.0,3578.0,0.0
2018.04.27,12035.0,115.0,12095.0,12105.0,11950.0,5993.0,1.0
2018.04.26,12000.0,130.0,11870.0,12110.0,11870.0,4479.0,1.0
2018.04.25,11870.0,180.0,11930.0,11980.0,11795.0,59961.0,0.0
2018.04.24,12050.0,370.0,12260.0,12260.0,12030.0,3623.0,0.0
2018.04.23,12420.0,30.0,12420.0,12455.0,12355.0,8176.0,1.0
2018.04.20,12390.0,200.0,12490.0,12505.0,12365.0,4430.0,0.0
2018.04.19,12590.0,60.0,12655.0,12670.0,12570.0,13181.0,0.0
2018.04.18,12650.0,10.0,12635.0,12685.0,12580.0,1621.0,1.0
2018.04.17,12640.0,135.0,12505.0,12660.0,12505.0,14070.0,1.0
2018.04.16,12505.0,275.0,12355.0,12520.0,12285.0,3534.0,1.0
2018.04.13,12230.0,100.0,12265.0,12340.0,12210.0,8995.0,1.0
2018.04.12,12130.0,295.0,11865.0,12130.0,11865.0,2464.0,1.0
2018.04.11,11835.0,70.0,11915.0,11915.0,11835.0,741.0,1.0
2018.04.10,11765.0,60.0,11740.0,11865.0,11665.0,44457.0,0.0
2018.04.09,11825.0,60.0,11790.0,11865.0,11790.0,217.0,1.0
2018.04.06,11765.0,40.0,11710.0,11790.0,11665.0,42967.0,0.0
2018.04.05,11805.0,240.0,11700.0,11830.0,11700.0,1285.0,1.0
2018.04.04,11565.0,410.0,11925.0,11925.0,11555.0,214002.0,0.0
2018.04.03,11975.0,55.0,11730.0,11975.0,11730.0,10749.0,1.0
2018.04.02,11920.0,150.0,12130.0,12130.0,11905.0,1885.0,0.0
2018.03.30,12070.0,125.0,12130.0,12130.0,12070.0,180.0,1.0
2018.03.29,11945.0,35.0,11970.0,11970.0,11875.0,968.0,0.0
2018.03.28,11980.0,150.0,12015.0,12030.0,11915.0,1066.0,0.0
2018.03.27,12130.0,30.0,12205.0,12205.0,12090.0,527.0,1.0
2018.03.26,12100.0,190.0,11905.0,12100.0,11905.0,5445.0,1.0
2018.03.23,11910.0,515.0,12095.0,12155.0,11910.0,18844.0,0.0
2018.03.22,12425.0,60.0,12370.0,12450.0,12370.0,1336.0,1.0
2018.03.21,12365.0,30.0,12490.0,12490.0,12360.0,612.0,0.0
2018.03.20,12395.0,15.0,12240.0,12395.0,12240.0,407.0,1.0
2018.03.19,12380.0,140.0,12570.0,12570.0,12380.0,344.0,0.0
2018.03.16,12520.0,60.0,12580.0,12580.0,12400.0,1075.0,0.0
2018.03.15,12580.0,135.0,12520.0,12580.0,12465.0,4741.0,1.0
2018.03.14,12445.0,70.0,12375.0,12500.0,12375.0,303.0,1.0
2018.03.13,12375.0,80.0,12320.0,12375.0,12260.0,1410.0,1.0
2018.03.12,12295.0,170.0,12345.0,12400.0,12275.0,11092.0,1.0
2018.03.09,12125.0,370.0,11855.0,12130.0,11855.0,13263.0,1.0
2018.03.08,11755.0,115.0,11715.0,11755.0,11650.0,58640.0,1.0
2018.03.07,11640.0,65.0,11755.0,11785.0,11595.0,5874.0,0.0
2018.03.06,11705.0,355.0,11600.0,11705.0,11540.0,3736.0,1.0
2018.03.05,11350.0,215.0,11610.0,11615.0,11350.0,1092.0,0.0
2018.03.02,11565.0,205.0,11610.0,11620.0,11490.0,244342.0,0.0
2018.02.28,11770.0,185.0,11915.0,11940.0,11720.0,1515.0,0.0
2018.02.27,11955.0,0.0,12040.0,12060.0,11950.0,344.0,0.0
2018.02.26,11955.0,35.0,12110.0,12110.0,11900.0,2425.0,0.0
2018.02.23,11990.0,0.0,12055.0,12115.0,11990.0,1016.0,0.0
2018.02.22,11990.0,85.0,12050.0,12090.0,11975.0,4632.0,0.0
2018.02.21,12075.0,65.0,12005.0,12130.0,11980.0,527.0,1.0
2018.02.20,12010.0,155.0,12140.0,12150.0,12000.0,1493.0,0.0
2018.02.19,12165.0,45.0,12330.0,12330.0,12085.0,1888.0,1.0
2018.02.14,12120.0,270.0,11955.0,12120.0,11925.0,1384.0,1.0
2018.02.13,11850.0,80.0,11920.0,12025.0,11850.0,4190.0,1.0
2018.02.12,11770.0,175.0,11645.0,11840.0,11645.0,3190.0,1.0
2018.02.09,11595.0,225.0,11480.0,11595.0,11470.0,5363.0,0.0
2018.02.08,11820.0,225.0,11700.0,11820.0,11675.0,3375.0,1.0
2018.02.07,11595.0,270.0,12120.0,12120.0,11595.0,11144.0,0.0
2018.02.06,11865.0,70.0,11510.0,11885.0,11510.0,8403.0,0.0
2018.02.05,11935.0,285.0,11930.0,12025.0,11850.0,14306.0,0.0
2018.02.02,12220.0,335.0,12450.0,12450.0,12130.0,133046.0,0.0
2018.02.01,12555.0,240.0,12850.0,12850.0,12505.0,102667.0,0.0
2018.01.31,12795.0,135.0,12810.0,13055.0,12795.0,4057.0,0.0
2018.01.30,12930.0,275.0,13145.0,13145.0,12910.0,46022.0,0.0
2018.01.29,13205.0,285.0,13080.0,13245.0,13045.0,3004.0,1.0
2018.01.26,12920.0,15.0,12925.0,12950.0,12865.0,5867.0,1.0
2018.01.25,12905.0,95.0,12875.0,12905.0,12750.0,157467.0,1.0
2018.01.24,12810.0,155.0,12695.0,12815.0,12685.0,13425.0,1.0
2018.01.23,12655.0,255.0,12375.0,12655.0,12345.0,10226.0,1.0
2018.01.22,12400.0,170.0,12430.0,12430.0,12225.0,4223.0,0.0
2018.01.19,12570.0,335.0,12905.0,12905.0,12480.0,56398.0,0.0
2018.01.18,12905.0,85.0,13050.0,13200.0,12900.0,9703.0,0.0
2018.01.17,12990.0,30.0,13000.0,13100.0,12895.0,89787.0,0.0
2018.01.16,13020.0,420.0,12635.0,13045.0,12635.0,76605.0,1.0
2018.01.15,12600.0,50.0,12690.0,12690.0,12565.0,13083.0,0.0
2018.01.12,12650.0,100.0,12805.0,12805.0,12500.0,2564.0,0.0
2018.01.11,12750.0,80.0,12655.0,12845.0,12600.0,5117.0,1.0
2018.01.10,12670.0,265.0,13015.0,13015.0,12580.0,9521.0,0.0
2018.01.09,12935.0,180.0,13110.0,13150.0,12865.0,5463.0,0.0
2018.01.08,13115.0,65.0,13145.0,13150.0,13010.0,5378.0,1.0
2018.01.05,13050.0,375.0,12690.0,13050.0,12690.0,36210.0,1.0
2018.01.04,12675.0,120.0,12930.0,12930.0,12660.0,24500.0,0.0
2018.01.03,12795.0,15.0,12895.0,12900.0,12770.0,10962.0,0.0
2018.01.02,12810.0,120.0,12775.0,12830.0,12660.0,81822.0,1.0
2017.12.28,12690.0,275.0,12410.0,12690.0,12385.0,10931.0,1.0
2017.12.27,12415.0,335.0,12290.0,12425.0,12280.0,8920.0,1.0
2017.12.26,12080.0,285.0,12390.0,12390.0,12080.0,6300.0,0.0
2017.12.22,12365.0,160.0,12210.0,12430.0,12175.0,8664.0,1.0
2017.12.21,12205.0,335.0,12495.0,12495.0,12205.0,18452.0,0.0
2017.12.20,12540.0,60.0,12570.0,12615.0,12540.0,1032.0,0.0
2017.12.19,12600.0,75.0,12585.0,12675.0,12540.0,2158.0,1.0
2017.12.18,12525.0,60.0,12645.0,12645.0,12525.0,9073.0,0.0
2017.12.15,12585.0,90.0,12780.0,12780.0,12585.0,1598.0,0.0
2017.12.14,12675.0,80.0,12785.0,12840.0,12675.0,5079.0,0.0
2017.12.13,12755.0,55.0,12705.0,12755.0,12645.0,31789.0,1.0
2017.12.12,12700.0,20.0,12745.0,12810.0,12630.0,3601.0,0.0
2017.12.11,12720.0,90.0,12670.0,12720.0,12625.0,603.0,1.0
2017.12.08,12630.0,30.0,12690.0,12705.0,12615.0,3073.0,1.0
2017.12.07,12600.0,175.0,12460.0,12625.0,12320.0,10452.0,1.0
2017.12.06,12425.0,235.0,12680.0,12775.0,12390.0,2031.0,0.0
2017.12.05,12660.0,190.0,12750.0,12805.0,12645.0,4170.0,0.0
2017.12.04,12850.0,155.0,12990.0,12990.0,12645.0,17529.0,0.0
2017.12.01,13005.0,55.0,13065.0,13110.0,12970.0,28253.0,1.0
2017.11.30,12950.0,345.0,13005.0,13165.0,12945.0,38434.0,0.0
2017.11.29,13295.0,85.0,13280.0,13350.0,13190.0,6764.0,1.0
2017.11.28,13210.0,120.0,13330.0,13330.0,13070.0,5594.0,0.0
2017.11.27,13330.0,495.0,13860.0,13860.0,13330.0,13003.0,0.0
2017.11.24,13825.0,75.0,13710.0,13855.0,13710.0,22655.0,1.0
2017.11.23,13750.0,75.0,13870.0,13870.0,13635.0,18017.0,0.0
2017.11.22,13825.0,255.0,13720.0,13825.0,13605.0,9294.0,1.0
2017.11.21,13570.0,230.0,13385.0,13570.0,13360.0,11153.0,1.0
2017.11.20,13340.0,75.0,13555.0,13555.0,13250.0,2916.0,0.0
2017.11.17,13415.0,195.0,13420.0,13630.0,13415.0,4282.0,1.0
2017.11.16,13220.0,90.0,13060.0,13275.0,13050.0,5142.0,1.0
2017.11.15,13130.0,30.0,13000.0,13135.0,12995.0,3324.0,1.0
2017.11.14,13100.0,50.0,13115.0,13115.0,12990.0,8150.0,1.0
2017.11.13,13050.0,310.0,13360.0,13360.0,13050.0,77827.0,0.0
2017.11.10,13360.0,135.0,13195.0,13370.0,13100.0,6378.0,1.0
2017.11.09,13225.0,50.0,13230.0,13250.0,13165.0,2121.0,1.0
2017.11.08,13175.0,65.0,13090.0,13200.0,13090.0,2726.0,1.0
2017.11.07,13110.0,110.0,12995.0,13140.0,12975.0,3337.0,1.0
2017.11.06,13000.0,130.0,13060.0,13060.0,12875.0,1260.0,0.0
2017.11.03,13130.0,60.0,13190.0,13190.0,12960.0,1373.0,0.0
2017.11.02,13190.0,45.0,13275.0,13285.0,13190.0,1775.0,0.0
2017.11.01,13235.0,380.0,13140.0,13235.0,13095.0,62475.0,1.0
2017.10.31,12855.0,85.0,12770.0,12855.0,12720.0,5741.0,1.0
2017.10.30,12770.0,250.0,12635.0,12770.0,12580.0,1784.0,1.0
2017.10.27,12520.0,120.0,12465.0,12535.0,12415.0,4950.0,1.0
2017.10.26,12400.0,190.0,12605.0,12650.0,12400.0,7187.0,0.0
2017.10.25,12590.0,75.0,12630.0,12690.0,12540.0,4181.0,1.0
2017.10.24,12515.0,190.0,12700.0,12700.0,12515.0,8226.0,0.0
2017.10.23,12705.0,105.0,12700.0,12765.0,12625.0,1653.0,1.0
2017.10.20,12600.0,270.0,12370.0,12600.0,12365.0,6030.0,1.0
2017.10.19,12330.0,70.0,12425.0,12480.0,12300.0,85594.0,0.0
2017.10.18,12400.0,180.0,12580.0,12620.0,12385.0,2272.0,0.0
2017.10.17,12580.0,95.0,12585.0,12650.0,12545.0,1431.0,1.0
2017.10.16,12485.0,270.0,12775.0,12820.0,12405.0,82907.0,0.0
2017.10.13,12755.0,170.0,12910.0,12910.0,12755.0,5969.0,0.0
2017.10.12,12925.0,210.0,13110.0,13110.0,12860.0,1547.0,0.0
2017.10.11,13135.0,210.0,12995.0,13135.0,12985.0,3280.0,1.0
2017.10.10,12925.0,385.0,12735.0,12970.0,12640.0,44831.0,1.0
2017.09.29,12540.0,95.0,12445.0,12540.0,12265.0,7009.0,1.0
2017.09.28,12445.0,185.0,12770.0,12770.0,12425.0,885.0,0.0
2017.09.27,12630.0,30.0,12675.0,12745.0,12630.0,87134.0,1.0
2017.09.26,12600.0,325.0,12830.0,12890.0,12595.0,13971.0,0.0
2017.09.25,12925.0,205.0,12700.0,12930.0,12700.0,1478.0,1.0
2017.09.22,12720.0,285.0,12975.0,13090.0,12690.0,2363.0,0.0
2017.09.21,13005.0,140.0,13190.0,13190.0,12905.0,7877.0,0.0
2017.09.20,13145.0,265.0,13490.0,13490.0,13145.0,12801.0,0.0
2017.09.19,13410.0,115.0,13525.0,13525.0,13250.0,90711.0,0.0
2017.09.18,13525.0,215.0,13365.0,13535.0,13365.0,9897.0,1.0
2017.09.15,13310.0,110.0,13185.0,13330.0,13135.0,3688.0,1.0
2017.09.14,13200.0,100.0,13180.0,13255.0,13110.0,3677.0,1.0
2017.09.13,13100.0,215.0,12985.0,13180.0,12900.0,162217.0,1.0
2017.09.12,12885.0,55.0,13050.0,13050.0,12835.0,81158.0,0.0
2017.09.11,12940.0,365.0,12700.0,12945.0,12700.0,86990.0,1.0
2017.09.08,12575.0,140.0,12580.0,12620.0,12510.0,122960.0,1.0
2017.09.07,12435.0,80.0,12460.0,12555.0,12435.0,2566.0,1.0
2017.09.06,12355.0,5.0,12375.0,12475.0,12345.0,126330.0,1.0
2017.09.05,12350.0,125.0,12225.0,12350.0,12150.0,1370.0,1.0
2017.09.04,12225.0,160.0,12025.0,12310.0,12025.0,1491.0,0.0
2017.09.01,12385.0,65.0,12530.0,12530.0,12320.0,180218.0,0.0
2017.08.31,12450.0,75.0,12440.0,12460.0,12395.0,7147.0,1.0
2017.08.30,12375.0,305.0,12200.0,12375.0,12195.0,1914.0,1.0
2017.08.29,12070.0,60.0,12030.0,12070.0,11930.0,54188.0,0.0
2017.08.28,12130.0,150.0,12230.0,12280.0,12095.0,2466.0,0.0
2017.08.25,12280.0,10.0,12260.0,12310.0,12205.0,4389.0,0.0
2017.08.24,12290.0,25.0,12265.0,12335.0,12235.0,1561.0,1.0
2017.08.23,12265.0,160.0,12270.0,12290.0,12180.0,17543.0,1.0
2017.08.22,12105.0,120.0,12090.0,12130.0,12035.0,10729.0,1.0
2017.08.21,11985.0,75.0,12030.0,12030.0,11910.0,845.0,1.0
2017.08.18,11910.0,0.0,11735.0,11925.0,11735.0,1752.0,0.0
2017.08.17,11910.0,105.0,11825.0,11935.0,11825.0,1932.0,1.0
2017.08.16,11805.0,190.0,11805.0,11840.0,11745.0,91421.0,1.0
2017.08.14,11615.0,255.0,11525.0,11665.0,11505.0,4853.0,1.0
2017.08.11,11360.0,150.0,11300.0,11420.0,11280.0,23589.0,0.0
2017.08.10,11510.0,40.0,11485.0,11595.0,11340.0,30162.0,0.0
2017.08.09,11550.0,370.0,11825.0,11825.0,11550.0,4146.0,0.0
2017.08.08,11920.0,5.0,11995.0,11995.0,11890.0,1131.0,1.0
2017.08.07,11915.0,30.0,11975.0,12000.0,11905.0,1908.0,1.0
2017.08.04,11885.0,65.0,11905.0,11910.0,11770.0,5528.0,1.0
2017.08.03,11820.0,285.0,12110.0,12110.0,11700.0,4510.0,0.0
2017.08.02,12105.0,355.0,11925.0,12105.0,11925.0,10657.0,1.0
2017.08.01,11750.0,75.0,11680.0,11810.0,11610.0,26812.0,1.0
2017.07.31,11675.0,105.0,11420.0,11725.0,11420.0,7327.0,1.0
2017.07.28,11570.0,505.0,12090.0,12090.0,11510.0,53291.0,0.0
2017.07.27,12075.0,5.0,12125.0,12250.0,11980.0,131919.0,0.0
2017.07.26,12080.0,335.0,12415.0,12415.0,11990.0,20644.0,0.0
2017.07.25,12415.0,190.0,12620.0,12620.0,12365.0,19239.0,0.0
2017.07.24,12605.0,45.0,12555.0,12625.0,12520.0,4952.0,1.0
2017.07.21,12560.0,80.0,12415.0,12605.0,12415.0,21966.0,1.0
2017.07.20,12480.0,165.0,12680.0,12680.0,12355.0,178628.0,0.0
2017.07.19,12645.0,215.0,12820.0,12850.0,12600.0,16435.0,0.0
2017.07.18,12860.0,70.0,12785.0,12880.0,12770.0,14068.0,1.0
2017.07.17,12790.0,220.0,12695.0,12790.0,12610.0,14159.0,1.0
2017.07.14,12570.0,85.0,12780.0,12780.0,12495.0,12190.0,0.0
2017.07.13,12655.0,320.0,12450.0,12710.0,12435.0,8664.0,1.0
2017.07.12,12335.0,160.0,12550.0,12550.0,12285.0,31321.0,0.0
2017.07.11,12495.0,170.0,12320.0,12495.0,12205.0,14041.0,1.0
2017.07.10,12325.0,15.0,12400.0,12450.0,12290.0,6565.0,1.0
2017.07.07,12310.0,125.0,12320.0,12475.0,12265.0,5005.0,0.0
2017.07.06,12435.0,105.0,12610.0,12610.0,12380.0,12510.0,0.0
2017.07.05,12540.0,315.0,12285.0,12600.0,12285.0,8310.0,1.0
2017.07.04,12225.0,65.0,12240.0,12260.0,12140.0,5423.0,1.0
2017.07.03,12160.0,305.0,12435.0,12435.0,12045.0,36075.0,0.0
2017.06.30,12465.0,55.0,12210.0,12465.0,12160.0,7900.0,1.0
2017.06.29,12410.0,0.0,12575.0,12600.0,12345.0,23135.0,0.0
2017.06.28,12410.0,435.0,12655.0,12725.0,12385.0,25829.0,0.0
2017.06.27,12845.0,140.0,12760.0,12895.0,12605.0,13391.0,1.0
2017.06.26,12705.0,465.0,12390.0,12715.0,12390.0,9604.0,1.0
2017.06.23,12240.0,25.0,12215.0,12240.0,12125.0,1854.0,1.0
2017.06.22,12215.0,210.0,12135.0,12225.0,12080.0,5773.0,1.0
2017.06.21,12005.0,15.0,11785.0,12005.0,11760.0,19560.0,1.0
2017.06.20,11990.0,65.0,12085.0,12085.0,11895.0,7823.0,1.0
2017.06.19,11925.0,280.0,11620.0,11935.0,11620.0,1995.0,1.0
2017.06.16,11645.0,20.0,11580.0,11775.0,11580.0,600.0,0.0
2017.06.15,11665.0,140.0,11500.0,11665.0,11485.0,14881.0,1.0
2017.06.14,11525.0,10.0,11625.0,11705.0,11495.0,5543.0,1.0
2017.06.13,11515.0,345.0,11235.0,11515.0,11235.0,3499.0,1.0
2017.06.12,11170.0,445.0,11410.0,11450.0,11145.0,14667.0,0.0
2017.06.09,11615.0,0.0,11630.0,11630.0,11545.0,2547.0,0.0
2017.06.08,11615.0,165.0,11460.0,11620.0,11460.0,3151.0,1.0
2017.06.07,11450.0,145.0,11390.0,11480.0,11320.0,15547.0,1.0
2017.06.05,11305.0,30.0,11285.0,11330.0,11250.0,334.0,1.0
2017.06.02,11275.0,180.0,11110.0,11275.0,11110.0,167.0,1.0
2017.06.01,11095.0,65.0,11165.0,11165.0,11035.0,290398.0,0.0
2017.05.31,11160.0,40.0,11200.0,11220.0,11125.0,604.0,0.0
2017.05.30,11200.0,75.0,11170.0,11295.0,11080.0,515.0,1.0
2017.05.29,11125.0,110.0,11135.0,11210.0,11125.0,1067.0,1.0
2017.05.26,11015.0,210.0,10975.0,11020.0,10975.0,1841.0,1.0
2017.05.25,10805.0,100.0,10905.0,10905.0,10805.0,1366.0,0.0
2017.05.24,10905.0,110.0,10865.0,10905.0,10850.0,87.0,1.0
2017.05.23,10795.0,25.0,10790.0,10880.0,10790.0,1652.0,1.0
2017.05.22,10770.0,15.0,10750.0,10770.0,10750.0,1002.0,0.0
2017.05.19,10785.0,110.0,10710.0,10785.0,10710.0,118.0,1.0
2017.05.18,10675.0,55.0,10645.0,10685.0,10645.0,339.0,0.0
2017.05.17,10730.0,5.0,10795.0,10795.0,10725.0,395.0,1.0
2017.05.16,10725.0,15.0,10810.0,10810.0,10720.0,191.0,1.0
2017.05.15,10710.0,5.0,10750.0,10750.0,10650.0,446.0,1.0
2017.05.12,10705.0,45.0,10760.0,10805.0,10705.0,1121.0,0.0
2017.05.11,10750.0,200.0,10580.0,10750.0,10580.0,134.0,1.0
2017.05.10,10550.0,0.0,10705.0,10745.0,10530.0,5329.0,0.0
2017.05.08,10550.0,105.0,10475.0,10550.0,10440.0,4156.0,1.0
2017.05.04,10445.0,185.0,10405.0,10450.0,10405.0,13902.0,1.0
2017.05.02,10260.0,25.0,10375.0,10415.0,10260.0,20446.0,0.0
2017.04.28,10285.0,15.0,10270.0,10285.0,10270.0,55.0,1.0
2017.04.27,10270.0,75.0,10245.0,10270.0,10225.0,4803.0,0.0
2017.04.26,10345.0,60.0,10350.0,10375.0,10285.0,7739.0,1.0
2017.04.25,10285.0,170.0,10125.0,10290.0,10125.0,6464.0,1.0
2017.04.24,10115.0,35.0,10080.0,10120.0,10060.0,10702.0,1.0
2017.04.21,10080.0,125.0,10080.0,10080.0,10080.0,0.0,1.0
2017.04.20,9955.0,95.0,9975.0,9975.0,9930.0,183.0,0.0
2017.04.19,10050.0,10.0,10040.0,10050.0,10040.0,59.0,1.0
2017.04.18,10040.0,35.0,10040.0,10040.0,10040.0,0.0,1.0
2017.04.17,10005.0,75.0,10075.0,10075.0,10005.0,32.0,0.0
2017.04.14,10080.0,65.0,10080.0,10080.0,10080.0,0.0,0.0
2017.04.13,10145.0,105.0,10145.0,10145.0,10145.0,5.0,1.0
2017.04.12,10040.0,5.0,10075.0,10075.0,10010.0,111.0,1.0
2017.04.11,10035.0,10.0,10035.0,10035.0,10035.0,0.0,1.0
2017.04.10,10025.0,65.0,10120.0,10120.0,10025.0,30.0,0.0
2017.04.07,10090.0,25.0,10070.0,10090.0,10000.0,4041.0,1.0
2017.04.06,10065.0,70.0,10070.0,10070.0,10065.0,31.0,0.0
2017.04.05,10135.0,95.0,10020.0,10150.0,10005.0,4511.0,1.0
2017.04.04,10040.0,10.0,10040.0,10040.0,10040.0,1.0,0.0
2017.04.03,10050.0,50.0,10110.0,10135.0,10050.0,8.0,0.0
2017.03.31,10100.0,25.0,10135.0,10135.0,10100.0,23.0,0.0
2017.03.30,10125.0,155.0,10105.0,10125.0,10105.0,12.0,1.0
2017.03.29,9970.0,80.0,9970.0,9970.0,9970.0,1.0,1.0
2017.03.28,9890.0,20.0,9930.0,9945.0,9890.0,142.0,
